id,full_name,email,phone,status,created_at,approved_at,ticket_id,checked_in_at,email_sent_at
0791fb43-bb24-4e18-b66b-af5972681d99,Hasan Shkera,hasan@memoriesevents.com,,approved,2026-01-27 14:03:33.485608+00,2026-01-27 14:03:42.19+00,bd4c7236-c68b-4bdf-a87e-f03452f4acd3,,
10b692a9-e5f8-450a-9afb-703362502b0b,hnmnjk,saho@yahoo.com,,rejected,2026-01-28 10:19:50.375137+00,,,,
2508fd23-3afb-4e00-9692-2c48581fce5b,hshsh,sasasa@hotmail.com,,approved,2026-01-26 18:29:12.327315+00,2026-01-27 06:59:52.191+00,e619c006-f451-410d-942a-47ac3cfbd160,,
27bc5517-2f32-4cb7-b013-42000e6c9f5b,Hasan,hasanshkera10@gmail.com,585972838,approved,2026-01-01 12:24:28.249937+00,2026-01-01 12:24:35.175+00,7b356b88-9ce7-4be6-a430-eac413d9af3c,2026-01-27 20:28:23.185+00,2026-01-27 22:24:18.03+00
4cf60435-aa6a-49dd-b37c-fc26bd9980c5,dfgbnmg,sahhho@yahoo.com,585972838,pending,2026-01-28 10:21:11.911852+00,,,,
52a5f698-7d2a-4a82-b9b0-5433c246af06,sdsd,sdsds@w.com,,approved,2026-01-27 06:47:43.165718+00,2026-01-27 06:59:48.227+00,e1a5011c-a3e0-4a65-b8b0-e1181ce96823,,
7895efc3-f9b9-47d6-bbd7-a35b79f0863e,csascas,ccascasc@gmail.com,,pending,2026-01-29 08:36:01.952116+00,,,,
860df4e8-d271-48fa-8031-d5b5652f4f63,asada,hasanshkera10ad@gmail.com,23456,approved,2026-01-01 16:28:45.115184+00,2026-01-27 06:59:57.722+00,436c2c43-df28-4dd7-8823-ad0c1e1dfdc9,,
ac030b36-f6d2-4d5e-bd4f-13ff327b7463,Ali,ali@gmail.com,45233332,approved,2026-01-01 12:00:00.682988+00,2026-01-27 07:00:06.814+00,b7ddd3a0-42bc-4b6a-90c4-12b022026f95,,
e68182d7-32f4-44d9-aa64-da1be14820bd,Hasan Shkera,hasan@antfleet.co,,approved,2026-01-27 06:50:54.796268+00,2026-01-27 06:59:36.13+00,168965ef-3e72-4ddb-b89d-b90d6078ee53,,
ed92c60a-d2bc-441f-a170-6a9ac8d319d0,Hasan,hshkera@gmail.com,585995711,approved,2026-01-01 12:02:43.766602+00,2026-01-01 12:04:15.376+00,6f0933d1-c11b-4593-85ad-547165b3055a,,
f7aca161-b901-42a3-b226-6d7b0320e9ce,fdsfsd,fsss@gmail.com,,pending,2026-01-29 08:36:15.153582+00,,,,